<?xml version="1.0" encoding="ISO-8859-1"?>
<gallery>
	<images>
		<img>assets/pictures/1.jpg</img>
		<img>assets/pictures/2.jpg</img>
		<img>assets/pictures/3.jpg</img>
		<img>assets/pictures/4.jpg</img>
		<img>assets/pictures/5.jpg</img>
		<img>assets/pictures/1.jpg</img>
		<img>assets/pictures/2.jpg</img>
		<img>assets/pictures/3.jpg</img>
		<img>assets/pictures/4.jpg</img>
		<img>assets/pictures/5.jpg</img>
		<img>assets/pictures/1.jpg</img>
		<img>assets/pictures/2.jpg</img>
		<img>assets/pictures/3.jpg</img>
		<img>assets/pictures/4.jpg</img>
		<img>assets/pictures/5.jpg</img>
		<img>assets/pictures/1.jpg</img>
		<img>assets/pictures/2.jpg</img>
		<img>assets/pictures/3.jpg</img>
	</images>
</gallery>