<?xml version="1.0" encoding="UTF-8"?>
<students>
	<student>
	    <name>LordAlex</name>
	    <lastname>Leon</lastname>
		<quiz>30</quiz>
		<midterm>78</midterm>
		<final>95</final>
		<average>68</average>
	</student>
	<student>
	    <name>Greg</name>
	    <lastname>Goralski</lastname>
		<quiz>40</quiz>
		<midterm>73</midterm>
		<final>56</final>
		<average>56</average>
	</student>
	<student>
	    <name>Beth</name>
	    <lastname>Christmas</lastname>
		<quiz>67</quiz>
		<midterm>68</midterm>
		<final>95</final>
		<average>77</average>
	</student>
	<student>
	    <name>Yrosva</name>
	    <lastname>Michinaux</lastname>
		<quiz>95</quiz>
		<midterm>34</midterm>
		<final>88</final>
		<average>72</average>
	</student>
	<student>
	    <name>Vittorio</name>
	    <lastname>Duva</lastname>
		<quiz>78</quiz>
		<midterm>45</midterm>
		<final>95</final>
		<average>73</average>
	</student>
	<student>
	    <name>Bolo</name>
	    <lastname>Michelin</lastname>
		<quiz>75</quiz>
		<midterm>78</midterm>
		<final>95</final>
		<average>83</average>
	</student>
</students>