<?xml version="1.0" encoding="UTF-8"?>
<students>
	<student>
	    <name>LordAlex</name>
	    <lastname>Leon</lastname>
		<quiz>70</quiz>
		<midterm>80</midterm>
		<final>90</final>
		<average>96</average>
	</student>
	<student>
	    <name>Greg</name>
	    <lastname>Goralski</lastname>
		<quiz>77</quiz>
		<midterm>77</midterm>
		<final>77</final>
		<average>77</average>
	</student>
	<student>
	    <name>Beth</name>
	    <lastname>Christmas</lastname>
		<quiz>88</quiz>
		<midterm>88</midterm>
		<final>88</final>
		<average>88</average>
	</student>
	<student>
	    <name>Yrosva</name>
	    <lastname>Michinaux</lastname>
		<quiz>95</quiz>
		<midterm>95</midterm>
		<final>95</final>
		<average>95</average>
	</student>
	<student>
	    <name>Vittorio</name>
	    <lastname>Duva</lastname>
		<quiz>99</quiz>
		<midterm>99</midterm>
		<final>99</final>
		<average>99</average>
	</student>
	<student>
	    <name>Bolo</name>
	    <lastname>Michelin</lastname>
		<quiz>89</quiz>
		<midterm>89</midterm>
		<final>89</final>
		<average>89</average>
	</student>
</students>